id,target
49859,Class_2
95835,Class_2
52240,Class_1
15626,Class_3
77950,Class_2
76001,Class_2
30017,Class_2
84215,Class_2
62332,Class_3
14168,Class_3
59034,Class_3
59702,Class_2
5601,Class_3
75804,Class_2
7911,Class_3
39066,Class_3
80681,Class_1
83841,Class_2
71205,Class_2
78373,Class_4
37102,Class_2
74393,Class_3
25870,Class_2
86190,Class_2
49187,Class_2
47889,Class_2
38410,Class_2
94317,Class_2
54764,Class_3
70401,Class_2
72180,Class_2
99349,Class_2
4272,Class_2
27816,Class_4
49090,Class_2
5968,Class_2
11014,Class_4
27595,Class_3
49919,Class_2
20415,Class_2
48383,Class_2
8731,Class_3
66880,Class_2
25884,Class_3
18353,Class_2
65520,Class_2
8018,Class_4
70381,Class_2
226,Class_1
78494,Class_3
49943,Class_2
58964,Class_2
50398,Class_3
90439,Class_2
10259,Class_2
66389,Class_2
31167,Class_4
97613,Class_2
43735,Class_3
41843,Class_1
83814,Class_2
66269,Class_2
12691,Class_2
81281,Class_2
77253,Class_2
17972,Class_3
63051,Class_3
16332,Class_2
78144,Class_2
38004,Class_3
61211,Class_2
6455,Class_3
22918,Class_3
30258,Class_1
1193,Class_2
53402,Class_2
93868,Class_2
51589,Class_2
17190,Class_1
29226,Class_2
37829,Class_3
35002,Class_2
73647,Class_4
5448,Class_2
51201,Class_2
6194,Class_2
16231,Class_2
64258,Class_2
30187,Class_4
88557,Class_3
63054,Class_2
4593,Class_2
45401,Class_2
55526,Class_2
60636,Class_4
16421,Class_2
40717,Class_3
93029,Class_2
59186,Class_2
23868,Class_2
84395,Class_3
92680,Class_1
68270,Class_4
48620,Class_2
74479,Class_2
85176,Class_1
29294,Class_1
51976,Class_2
74238,Class_3
74892,Class_2
57990,Class_2
1419,Class_2
55346,Class_3
7932,Class_3
84348,Class_2
66885,Class_2
84693,Class_4
39569,Class_3
14305,Class_3
17617,Class_2
10062,Class_1
87379,Class_2
56874,Class_2
84336,Class_1
72839,Class_4
41952,Class_2
29650,Class_1
15530,Class_3
13765,Class_3
39161,Class_4
57322,Class_2
1372,Class_3
59971,Class_2
21184,Class_4
55740,Class_3
9105,Class_2
76995,Class_2
24135,Class_3
21793,Class_2
17169,Class_2
17583,Class_1
94825,Class_2
27914,Class_2
2709,Class_2
4155,Class_3
92698,Class_4
75358,Class_3
67246,Class_2
21615,Class_2
85546,Class_2
71382,Class_3
81041,Class_1
65083,Class_2
79585,Class_2
21853,Class_1
15501,Class_3
89720,Class_2
18755,Class_2
96896,Class_2
51613,Class_2
97074,Class_2
91995,Class_1
98804,Class_2
59780,Class_2
65008,Class_2
89257,Class_2
50364,Class_2
38853,Class_2
99566,Class_2
31196,Class_2
41315,Class_4
46961,Class_2
75521,Class_2
77839,Class_2
68663,Class_2
98940,Class_2
50412,Class_2
92336,Class_1
1165,Class_2
28666,Class_2
58455,Class_2
95632,Class_2
3620,Class_4
73989,Class_2
56183,Class_3
4654,Class_3
48386,Class_2
30861,Class_3
12293,Class_4
64984,Class_2
33134,Class_3
2376,Class_3
87394,Class_3
42507,Class_2
22476,Class_2
46482,Class_2
44982,Class_2
13208,Class_4
45837,Class_2
49758,Class_4
74544,Class_2
97909,Class_2
30640,Class_3
6175,Class_3
39302,Class_2
62139,Class_3
74865,Class_3
16672,Class_2
11888,Class_2
64439,Class_2
36082,Class_2
45152,Class_4
63614,Class_4
59975,Class_3
78094,Class_2
72296,Class_3
25136,Class_1
68002,Class_1
48185,Class_4
59994,Class_2
62950,Class_2
94879,Class_2
32257,Class_3
61317,Class_2
38605,Class_2
53038,Class_2
56454,Class_3
106,Class_1
9406,Class_2
33659,Class_4
10888,Class_4
11386,Class_3
97144,Class_3
59689,Class_4
21503,Class_3
55851,Class_2
23879,Class_2
94471,Class_3
89519,Class_2
41648,Class_2
69168,Class_2
45446,Class_2
99662,Class_1
78780,Class_3
74019,Class_2
812,Class_4
99031,Class_2
27456,Class_2
59845,Class_3
79000,Class_1
45639,Class_4
56867,Class_4
17799,Class_2
28739,Class_3
83031,Class_2
7950,Class_2
65237,Class_2
35463,Class_2
70107,Class_3
59385,Class_2
28589,Class_2
17927,Class_4
48027,Class_4
66082,Class_2
5442,Class_4
19899,Class_4
37300,Class_2
13547,Class_2
44096,Class_2
37406,Class_3
85602,Class_3
47772,Class_1
50048,Class_3
27012,Class_2
24775,Class_2
37233,Class_3
33369,Class_2
93389,Class_2
63182,Class_2
820,Class_2
71222,Class_3
41681,Class_3
91114,Class_2
79681,Class_2
14441,Class_1
98041,Class_2
96251,Class_2
85871,Class_4
18734,Class_2
71140,Class_2
62616,Class_3
491,Class_2
13943,Class_2
1054,Class_2
90206,Class_4
15291,Class_3
10577,Class_2
13391,Class_2
51725,Class_2
30231,Class_2
78479,Class_2
74620,Class_2
89095,Class_1
88349,Class_2
46552,Class_3
59098,Class_2
12136,Class_2
90650,Class_2
37000,Class_2
41295,Class_2
4790,Class_2
38223,Class_3
34965,Class_2
56266,Class_2
43640,Class_2
4007,Class_2
67781,Class_1
30329,Class_2
91338,Class_2
17382,Class_2
2259,Class_1
64217,Class_1
2662,Class_1
22330,Class_1
89564,Class_1
83880,Class_3
73871,Class_2
78632,Class_1
67610,Class_1
41578,Class_2
82417,Class_2
9558,Class_2
74889,Class_3
18241,Class_2
62721,Class_3
88629,Class_4
20014,Class_2
93005,Class_2
29479,Class_2
90790,Class_2
63943,Class_4
94409,Class_3
28153,Class_4
75498,Class_3
22661,Class_2
95926,Class_4
76940,Class_2
75533,Class_2
69662,Class_4
21504,Class_2
76178,Class_2
20072,Class_1
26116,Class_2
80312,Class_2
40895,Class_4
47347,Class_2
6851,Class_2
55774,Class_2
55628,Class_3
34150,Class_3
53018,Class_2
37999,Class_2
42233,Class_2
39631,Class_3
50843,Class_3
57444,Class_2
14005,Class_2
12610,Class_2
86154,Class_2
9030,Class_3
60894,Class_2
98350,Class_2
17444,Class_2
89398,Class_2
55493,Class_2
78136,Class_3
81988,Class_4
93544,Class_2
75691,Class_2
2648,Class_2
11823,Class_2
43509,Class_2
13506,Class_2
36614,Class_4
5178,Class_2
50763,Class_2
76341,Class_2
50090,Class_1
36094,Class_4
96536,Class_2
14392,Class_2
45709,Class_4
72688,Class_2
84563,Class_2
77402,Class_2
14041,Class_2
89692,Class_3
76393,Class_2
94112,Class_2
59527,Class_2
57667,Class_3
75767,Class_2
61184,Class_1
4256,Class_3
79817,Class_3
22962,Class_1
72128,Class_2
28104,Class_4
38683,Class_4
9209,Class_2
52983,Class_4
73630,Class_3
14438,Class_2
89797,Class_2
62724,Class_2
26516,Class_2
16522,Class_2
93666,Class_1
44418,Class_2
65905,Class_3
89925,Class_2
77370,Class_2
52496,Class_4
50673,Class_4
98357,Class_2
67601,Class_3
32757,Class_2
72445,Class_2
60479,Class_3
10809,Class_1
81698,Class_2
23277,Class_2
1406,Class_4
6253,Class_2
66424,Class_2
17337,Class_2
82713,Class_4
54448,Class_2
48344,Class_1
16307,Class_2
44988,Class_4
14298,Class_3
8260,Class_3
42453,Class_2
79662,Class_2
2968,Class_4
50776,Class_2
69275,Class_4
47454,Class_2
71938,Class_3
24577,Class_3
56930,Class_2
35530,Class_3
53829,Class_2
7178,Class_3
40027,Class_2
60507,Class_3
38976,Class_2
29023,Class_2
7770,Class_2
86884,Class_2
3040,Class_3
36657,Class_2
28903,Class_2
52386,Class_4
6592,Class_3
90354,Class_2
96665,Class_1
8880,Class_2
36177,Class_4
62667,Class_2
92060,Class_2
96452,Class_1
89956,Class_3
82593,Class_2
28009,Class_2
68399,Class_4
29186,Class_3
89977,Class_3
45336,Class_4
92704,Class_2
9239,Class_2
71954,Class_2
45516,Class_3
81472,Class_3
21855,Class_4
54246,Class_3
23561,Class_1
65574,Class_2
20503,Class_2
99906,Class_1
35549,Class_3
33448,Class_1
347,Class_3
32901,Class_2
6931,Class_2
28516,Class_2
48066,Class_3
8751,Class_1
29719,Class_1
65353,Class_2
34085,Class_2
35703,Class_2
40114,Class_3
22153,Class_4
13364,Class_2
23603,Class_2
74304,Class_2
24035,Class_2
11362,Class_1
57348,Class_2
41647,Class_1
68761,Class_4
60486,Class_3
2950,Class_2
85608,Class_2
26127,Class_1
91552,Class_3
41995,Class_2
54167,Class_2
26112,Class_2
30969,Class_2
46884,Class_4
23338,Class_3
65409,Class_2
85689,Class_2
53985,Class_3
32985,Class_2
21105,Class_4
21333,Class_2
99471,Class_2
93157,Class_2
56197,Class_2
65182,Class_2
74722,Class_3
37728,Class_2
69628,Class_2
42505,Class_2
67529,Class_2
62018,Class_3
77881,Class_2
91033,Class_2
88131,Class_4
28303,Class_2
62854,Class_3
92546,Class_1
47001,Class_2
83166,Class_4
4562,Class_2
4545,Class_2
18271,Class_1
22001,Class_1
53207,Class_2
61778,Class_2
48174,Class_2
36970,Class_4
57188,Class_4
62200,Class_2
92048,Class_2
88989,Class_2
74009,Class_4
28558,Class_1
65357,Class_4
68851,Class_2
50585,Class_2
75977,Class_3
47939,Class_3
98340,Class_2
69791,Class_2
61450,Class_4
24880,Class_1
11776,Class_2
97932,Class_2
6153,Class_2
28905,Class_2
21290,Class_4
4658,Class_2
31944,Class_2
6348,Class_2
93881,Class_2
8586,Class_3
83010,Class_2
88717,Class_2
99228,Class_2
59038,Class_2
1045,Class_2
66365,Class_2
89936,Class_1
24388,Class_1
6316,Class_2
48151,Class_3
39698,Class_3
44886,Class_3
58205,Class_2
25303,Class_1
74768,Class_2
94892,Class_2
53215,Class_3
29457,Class_2
60899,Class_2
91694,Class_2
81717,Class_2
3169,Class_4
92855,Class_2
2300,Class_2
34440,Class_4
52665,Class_1
18352,Class_1
7783,Class_2
64588,Class_4
54966,Class_2
34088,Class_3
59134,Class_4
14296,Class_4
37182,Class_2
88710,Class_4
21885,Class_2
48184,Class_2
20974,Class_2
10365,Class_1
76914,Class_4
1256,Class_2
68988,Class_2
10032,Class_2
33426,Class_2
87788,Class_1
46168,Class_1
97726,Class_2
21062,Class_2
5864,Class_2
70349,Class_3
92908,Class_3
97562,Class_2
78288,Class_3
79410,Class_4
65119,Class_2
96314,Class_2
14753,Class_3
29360,Class_1
84186,Class_3
2833,Class_2
23193,Class_1
18848,Class_2
57672,Class_1
62786,Class_2
54661,Class_2
39953,Class_2
7301,Class_2
99454,Class_3
38012,Class_2
68293,Class_1
56145,Class_2
23228,Class_2
36700,Class_2
94296,Class_2
49342,Class_2
34995,Class_2
50792,Class_2
71010,Class_2
76770,Class_2
45828,Class_1
87339,Class_2
11287,Class_3
97669,Class_2
61885,Class_1
95046,Class_2
25182,Class_2
57310,Class_3
20381,Class_3
9149,Class_2
46937,Class_2
53388,Class_3
34646,Class_2
25668,Class_2
69161,Class_2
86635,Class_1
53843,Class_3
43349,Class_2
45616,Class_2
31840,Class_3
6606,Class_2
28644,Class_3
50972,Class_2
42539,Class_2
36585,Class_1
6272,Class_2
6729,Class_2
89017,Class_2
93430,Class_2
70619,Class_3
4586,Class_2
91340,Class_2
9234,Class_2
21513,Class_2
51680,Class_2
73205,Class_3
4343,Class_4
34140,Class_2
69475,Class_1
61511,Class_2
38517,Class_3
99505,Class_2
73041,Class_2
20255,Class_2
65523,Class_3
69889,Class_4
55117,Class_4
18107,Class_2
36393,Class_2
8441,Class_4
17002,Class_2
63793,Class_1
70664,Class_2
87662,Class_2
40367,Class_3
54584,Class_2
3586,Class_2
89245,Class_2
39152,Class_1
87352,Class_2
66161,Class_2
30909,Class_2
69397,Class_2
76894,Class_2
58753,Class_2
27463,Class_2
59103,Class_2
43353,Class_2
23591,Class_2
41283,Class_4
86000,Class_2
25717,Class_2
98457,Class_4
81610,Class_2
31009,Class_2
20268,Class_2
19903,Class_2
80487,Class_2
55676,Class_2
89377,Class_4
24072,Class_1
39762,Class_3
57323,Class_2
94028,Class_4
68680,Class_2
91698,Class_3
72283,Class_3
45766,Class_3
55821,Class_1
56107,Class_3
7418,Class_3
64256,Class_2
13190,Class_3
99461,Class_2
32581,Class_2
71267,Class_2
87674,Class_2
33767,Class_1
88063,Class_3
63292,Class_2
3416,Class_3
77800,Class_1
43089,Class_2
99927,Class_2
8115,Class_2
63445,Class_2
9287,Class_2
72687,Class_3
70155,Class_3
672,Class_2
58231,Class_3
73826,Class_1
46953,Class_2
26494,Class_2
90262,Class_2
36266,Class_2
63774,Class_2
61290,Class_2
12276,Class_3
41691,Class_2
71845,Class_2
13868,Class_2
6322,Class_2
957,Class_4
78668,Class_3
11719,Class_2
88227,Class_2
34590,Class_2
61024,Class_2
39233,Class_2
27058,Class_2
63464,Class_2
41919,Class_2
7431,Class_2
73732,Class_2
49716,Class_3
57123,Class_3
64233,Class_2
4656,Class_1
85780,Class_2
10766,Class_2
99624,Class_2
9158,Class_3
65540,Class_3
48064,Class_4
52346,Class_2
62566,Class_1
16131,Class_2
61395,Class_2
57375,Class_2
20138,Class_1
88790,Class_3
62050,Class_2
82550,Class_2
28146,Class_2
96891,Class_2
71737,Class_2
70686,Class_3
80550,Class_2
15884,Class_3
20692,Class_2
30511,Class_2
1003,Class_2
17195,Class_2
82479,Class_2
48976,Class_2
8191,Class_1
27903,Class_3
19482,Class_2
12723,Class_2
96397,Class_4
57697,Class_2
42792,Class_2
13812,Class_3
87590,Class_2
4232,Class_2
45526,Class_2
67348,Class_2
25857,Class_2
78704,Class_2
68671,Class_2
48334,Class_2
49983,Class_2
41292,Class_3
29950,Class_3
16861,Class_2
86042,Class_1
22494,Class_3
73992,Class_2
34066,Class_3
41375,Class_2
16123,Class_2
81869,Class_4
17773,Class_2
14311,Class_1
1692,Class_4
83223,Class_2
55699,Class_2
81359,Class_2
63354,Class_4
94265,Class_2
19040,Class_4
82944,Class_2
5551,Class_2
43513,Class_4
37199,Class_4
15302,Class_2
41761,Class_4
95458,Class_3
81750,Class_1
15807,Class_2
23607,Class_3
77111,Class_4
17502,Class_2
52045,Class_2
26523,Class_2
21456,Class_2
22810,Class_4
48682,Class_3
87135,Class_2
24764,Class_4
7208,Class_3
34420,Class_3
89021,Class_2
37767,Class_2
29760,Class_3
21744,Class_2
19261,Class_2
20424,Class_2
84598,Class_2
58145,Class_2
17437,Class_1
6748,Class_3
124,Class_2
9962,Class_2
41550,Class_2
25352,Class_4
17436,Class_2
58673,Class_3
38109,Class_1
51698,Class_2
69703,Class_3
93003,Class_2
65004,Class_3
21354,Class_1
90185,Class_4
41752,Class_2
61882,Class_2
87444,Class_2
61905,Class_2
84936,Class_2
77548,Class_2
38603,Class_2
73793,Class_2
22176,Class_4
80549,Class_2
86399,Class_3
50656,Class_2
73904,Class_3
37609,Class_2
55045,Class_2
56780,Class_2
43849,Class_3
4124,Class_4
12681,Class_2
65968,Class_3
30464,Class_2
96015,Class_1
39359,Class_2
36197,Class_2
34451,Class_2
80698,Class_4
9981,Class_2
77203,Class_2
79097,Class_3
10020,Class_2
32478,Class_2
51895,Class_2
57792,Class_2
27053,Class_2
27602,Class_2
30039,Class_2
58746,Class_3
82914,Class_3
74078,Class_4
11404,Class_1
41847,Class_3
33571,Class_1
76048,Class_3
78691,Class_2
22364,Class_2
46689,Class_2
52110,Class_1
87471,Class_2
88345,Class_3
61569,Class_2
12650,Class_2
93144,Class_2
23686,Class_2
23629,Class_4
22223,Class_3
40061,Class_2
30820,Class_4
91833,Class_2
40824,Class_2
50242,Class_2
63233,Class_3
94110,Class_2
35379,Class_3
81102,Class_2
54126,Class_2
35124,Class_3
94114,Class_2
24233,Class_3
82299,Class_4
14889,Class_2
92406,Class_2
97371,Class_3
48782,Class_2
11193,Class_2
41642,Class_1
21217,Class_2
97270,Class_2
135,Class_3
87603,Class_3
15844,Class_2
82363,Class_2
56602,Class_2
92647,Class_2
68064,Class_2
74962,Class_3
82884,Class_1
3944,Class_2
79946,Class_2
26083,Class_2
18022,Class_1
68238,Class_3
86726,Class_2
84992,Class_2
95793,Class_3
86810,Class_4
55051,Class_2
51208,Class_2
70863,Class_1
20950,Class_4
37215,Class_2
29242,Class_2
44058,Class_2
13813,Class_1
45007,Class_3
40534,Class_2
77935,Class_2
10407,Class_3
24481,Class_3
82624,Class_2
35347,Class_2
4361,Class_3
39296,Class_2
13896,Class_2
69927,Class_2
38793,Class_2
61183,Class_2
16701,Class_1
68356,Class_2
45325,Class_2
98453,Class_2
88126,Class_3
35795,Class_3
69199,Class_2
65719,Class_2
89831,Class_2
70557,Class_4
64797,Class_4
1721,Class_2
74423,Class_2
2351,Class_4
47870,Class_2
13309,Class_2
99272,Class_3
36330,Class_1
84709,Class_3
1285,Class_2
42972,Class_1
19448,Class_3
56338,Class_2
98259,Class_2
33211,Class_3
7984,Class_2
69220,Class_2
8296,Class_2
1196,Class_2
75919,Class_2
97475,Class_2
97467,Class_3
63796,Class_2
42106,Class_2
72366,Class_4
30598,Class_2
10901,Class_2
34188,Class_2
55196,Class_2
58575,Class_4
30061,Class_2
36485,Class_3
45931,Class_2
40451,Class_2
46080,Class_2
75547,Class_2
69465,Class_2
34724,Class_1
79259,Class_2
3951,Class_2
68252,Class_2
89148,Class_1
65970,Class_4
63558,Class_2
70443,Class_2
82795,Class_2
92342,Class_4
92426,Class_3
12035,Class_3
25665,Class_2
91806,Class_2
41146,Class_2
18969,Class_2
12760,Class_1
91411,Class_2
1602,Class_4
5270,Class_2
8841,Class_2
55375,Class_2
43110,Class_2
44208,Class_2
88810,Class_2
5784,Class_3
32798,Class_3
85074,Class_2
66044,Class_2
85367,Class_2
13953,Class_3
78562,Class_3
64562,Class_4
87664,Class_4
44074,Class_2
60767,Class_2
15715,Class_2
67812,Class_2
66085,Class_4
30965,Class_3
33222,Class_2
1994,Class_2
74794,Class_4
48553,Class_2
48549,Class_2
94201,Class_2
8648,Class_3
99816,Class_2
42731,Class_3
9298,Class_2
85692,Class_2
35033,Class_2
18815,Class_3
65384,Class_2
49883,Class_2
19331,Class_2
22770,Class_4
87671,Class_2
42117,Class_2
32273,Class_4
5428,Class_2
91431,Class_2
58705,Class_1
53712,Class_2
83453,Class_2
19212,Class_3
24812,Class_3
32978,Class_2
92529,Class_1
10240,Class_4
3521,Class_2
23994,Class_2
9423,Class_2
79193,Class_2
97682,Class_2
18387,Class_1
95453,Class_2
16666,Class_3
1480,Class_3
33676,Class_4
40559,Class_2
31743,Class_4
84533,Class_2
84987,Class_3
73281,Class_2
44882,Class_2
84251,Class_1
41998,Class_3
43586,Class_4
69117,Class_1
68928,Class_2
97052,Class_2
88225,Class_2
17715,Class_2
3182,Class_4
19764,Class_2
56489,Class_2
22729,Class_2
1246,Class_3
37427,Class_2
27137,Class_2
53145,Class_2
93242,Class_1
95713,Class_3
33269,Class_2
94556,Class_2
74806,Class_4
20182,Class_2
50287,Class_2
48594,Class_4
77558,Class_2
27071,Class_2
36333,Class_2
56156,Class_2
66368,Class_2
96662,Class_2
94228,Class_4
52366,Class_2
41322,Class_1
81457,Class_2
83501,Class_2
97431,Class_3
45983,Class_3
66593,Class_3
36168,Class_1
51250,Class_2
26963,Class_2
75300,Class_2
65050,Class_4
25514,Class_2
30690,Class_1
98097,Class_3
62691,Class_2
56075,Class_4
12931,Class_4
49333,Class_2
66721,Class_4
40541,Class_2
33151,Class_2
46183,Class_4
70625,Class_3
35727,Class_2
26338,Class_2
63893,Class_4
2245,Class_4
44172,Class_2
7796,Class_3
60243,Class_3
58982,Class_2
57982,Class_2
99848,Class_2
53041,Class_2
52042,Class_2
91838,Class_2
17840,Class_2
8815,Class_4
85482,Class_3
96364,Class_2
45459,Class_4
86917,Class_2
85978,Class_2
64483,Class_3
38442,Class_2
95255,Class_2
65743,Class_2
23726,Class_4
70743,Class_2
21808,Class_1
82199,Class_2
67626,Class_2
48253,Class_3
49248,Class_1
4859,Class_1
65253,Class_2
84859,Class_3
9731,Class_2
44259,Class_4
48271,Class_1
73400,Class_2
27963,Class_3
71930,Class_3
68548,Class_2
58377,Class_2
16823,Class_2
28098,Class_2
38904,Class_3
30864,Class_1
60620,Class_2
23209,Class_4
39031,Class_3
66029,Class_2
62467,Class_4
902,Class_3
21336,Class_2
96939,Class_4
65568,Class_4
585,Class_4
63780,Class_2
78825,Class_4
72854,Class_2
44596,Class_3
1330,Class_2
82642,Class_2
43600,Class_1
48387,Class_4
20308,Class_2
41692,Class_2
72444,Class_4
36628,Class_4
87618,Class_4
87254,Class_2
3377,Class_3
12141,Class_1
18533,Class_2
24506,Class_2
15042,Class_3
41268,Class_2
3242,Class_1
19200,Class_1
95787,Class_2
83068,Class_2
94488,Class_2
25987,Class_2
60912,Class_3
61004,Class_2
18647,Class_3
80371,Class_2
12547,Class_2
93657,Class_2
88546,Class_3
18804,Class_3
89403,Class_2
54342,Class_4
83739,Class_2
3733,Class_2
61328,Class_4
90743,Class_2
20533,Class_4
39658,Class_3
46838,Class_2
68032,Class_4
38720,Class_2
11897,Class_2
7201,Class_2
14956,Class_2
9591,Class_1
50922,Class_1
73912,Class_2
43812,Class_2
53733,Class_2
27099,Class_2
37691,Class_2
15039,Class_2
82065,Class_2
79489,Class_3
21567,Class_2
11838,Class_2
80166,Class_3
60549,Class_3
6270,Class_3
12074,Class_2
61963,Class_2
92265,Class_2
96729,Class_2
81513,Class_2
55968,Class_4
16815,Class_2
29776,Class_2
97265,Class_4
76527,Class_2
14487,Class_1
58023,Class_2
48036,Class_2
2104,Class_3
47371,Class_3
90903,Class_3
37247,Class_2
44642,Class_4
99023,Class_1
35601,Class_4
26746,Class_2
2087,Class_3
96563,Class_2
9694,Class_2
33704,Class_2
79934,Class_3
81011,Class_2
56767,Class_2
80527,Class_2
4510,Class_2
33877,Class_4
90395,Class_4
39982,Class_2
64645,Class_3
2516,Class_3
82217,Class_2
7007,Class_3
98254,Class_4
34123,Class_2
590,Class_1
18359,Class_2
51062,Class_2
98307,Class_2
19655,Class_3
69607,Class_3
6939,Class_2
60173,Class_4
38625,Class_2
53962,Class_2
50796,Class_3
28335,Class_4
91776,Class_3
91214,Class_2
1653,Class_3
54619,Class_2
32612,Class_2
86865,Class_3
20787,Class_2
98367,Class_3
48683,Class_2
76564,Class_3
16435,Class_2
61651,Class_1
76369,Class_2
38935,Class_3
2875,Class_2
16305,Class_2
9454,Class_3
21374,Class_2
87004,Class_2
6767,Class_2
74195,Class_3
89714,Class_2
1175,Class_3
80689,Class_2
37854,Class_2
45492,Class_2
61089,Class_3
21592,Class_2
43810,Class_2
67427,Class_3
57001,Class_2
96657,Class_2
73610,Class_2
47823,Class_3
44118,Class_2
78695,Class_4
19438,Class_3
98611,Class_3
90645,Class_2
81410,Class_2
3027,Class_1
28012,Class_3
804,Class_2
36352,Class_2
91017,Class_2
36998,Class_3
29449,Class_4
33297,Class_3
46784,Class_2
30016,Class_2
27587,Class_3
15206,Class_2
29887,Class_3
69143,Class_2
78197,Class_2
49458,Class_3
56838,Class_2
74207,Class_4
34667,Class_2
82396,Class_2
97373,Class_2
23032,Class_3
40092,Class_2
61520,Class_2
78963,Class_4
23374,Class_2
68364,Class_4
5098,Class_3
25359,Class_4
76699,Class_3
67599,Class_2
67386,Class_2
1472,Class_3
48550,Class_2
89408,Class_3
86385,Class_2
1278,Class_2
27459,Class_2
78445,Class_3
9451,Class_2
17092,Class_1
31865,Class_3
98569,Class_4
85832,Class_3
46063,Class_2
21935,Class_2
57661,Class_1
98527,Class_2
1060,Class_2
32320,Class_1
63839,Class_4
59934,Class_2
54662,Class_2
17403,Class_1
29182,Class_2
55726,Class_2
62980,Class_2
13800,Class_2
59433,Class_3
29634,Class_2
69405,Class_3
32321,Class_2
51193,Class_2
12309,Class_2
76532,Class_2
36149,Class_3
72562,Class_2
11759,Class_3
25329,Class_4
82154,Class_2
13080,Class_3
33171,Class_4
49705,Class_4
8663,Class_2
28816,Class_1
49301,Class_4
62141,Class_3
63563,Class_3
94205,Class_4
75240,Class_3
46206,Class_3
44034,Class_1
90214,Class_2
70094,Class_2
69917,Class_2
88928,Class_2
56897,Class_2
27652,Class_4
38050,Class_3
60396,Class_3
30529,Class_3
77210,Class_2
9002,Class_2
8028,Class_2
30662,Class_2
48927,Class_2
6877,Class_2
53289,Class_2
83902,Class_2
37858,Class_1
88620,Class_4
64447,Class_2
57997,Class_3
35275,Class_1
69325,Class_2
46583,Class_2
90026,Class_2
7067,Class_4
2513,Class_4
91902,Class_2
97509,Class_3
4812,Class_4
10214,Class_3
1413,Class_4
65804,Class_2
63154,Class_3
14185,Class_2
93668,Class_3
27507,Class_4
58131,Class_2
97206,Class_3
13644,Class_2
65706,Class_3
47641,Class_3
28622,Class_2
34502,Class_2
90729,Class_2
59194,Class_2
55908,Class_1
674,Class_3
66582,Class_2
484,Class_1
43975,Class_1
12533,Class_2
87843,Class_3
67086,Class_1
15287,Class_4
52841,Class_2
56608,Class_4
27537,Class_3
97799,Class_2
48488,Class_2
41654,Class_3
69658,Class_3
74250,Class_2
15279,Class_4
88783,Class_2
36475,Class_2
43458,Class_2
578,Class_3
94603,Class_2
29474,Class_2
39548,Class_2
49937,Class_2
81460,Class_2
93819,Class_4
26635,Class_3
52920,Class_2
86035,Class_2
16635,Class_3
33858,Class_2
72538,Class_2
62620,Class_3
9819,Class_4
18102,Class_3
89577,Class_2
77626,Class_1
4422,Class_4
38486,Class_2
64848,Class_4
61849,Class_3
97041,Class_2
21272,Class_3
82714,Class_2
97417,Class_2
54817,Class_2
35986,Class_1
59695,Class_4
80160,Class_2
69417,Class_3
1910,Class_2
31049,Class_2
80785,Class_2
3233,Class_2
39483,Class_3
72289,Class_2
91917,Class_2
22197,Class_3
97247,Class_2
69508,Class_1
93792,Class_2
25377,Class_2
3085,Class_2
89939,Class_2
92176,Class_2
43830,Class_2
8797,Class_2
18670,Class_2
34554,Class_3
36844,Class_2
63900,Class_3
89581,Class_2
42175,Class_2
99028,Class_1
63840,Class_2
12977,Class_2
71131,Class_2
23370,Class_3
22514,Class_4
20591,Class_2
33684,Class_2
19018,Class_2
60783,Class_2
15951,Class_3
6995,Class_4
15894,Class_3
7696,Class_2
88421,Class_2
49973,Class_2
15517,Class_2
91837,Class_2
41925,Class_2
77074,Class_3
88283,Class_2
42358,Class_2
624,Class_2
94484,Class_1
35496,Class_2
3125,Class_4
34476,Class_2
17376,Class_1
41388,Class_2
58591,Class_3
94188,Class_2
96007,Class_2
32538,Class_1
21582,Class_3
11753,Class_3
46726,Class_2
85100,Class_2
50600,Class_3
16301,Class_1
74457,Class_1
18924,Class_2
45449,Class_2
88264,Class_2
36715,Class_2
46016,Class_2
37486,Class_2
64679,Class_4
57495,Class_3
37036,Class_2
21210,Class_3
82088,Class_2
55369,Class_2
65423,Class_2
19349,Class_3
52543,Class_2
29934,Class_4
33753,Class_2
20668,Class_3
63792,Class_2
69232,Class_2
8257,Class_3
8231,Class_2
11265,Class_1
93104,Class_4
64726,Class_2
81298,Class_2
98667,Class_1
68435,Class_2
43759,Class_4
70002,Class_2
56749,Class_2
5130,Class_4
64321,Class_3
83615,Class_3
11604,Class_4
92113,Class_2
56530,Class_3
12282,Class_3
63754,Class_3
2110,Class_1
72415,Class_2
28762,Class_2
33429,Class_3
96706,Class_1
73421,Class_2
1655,Class_3
97593,Class_2
47856,Class_4
99185,Class_2
28817,Class_4
48143,Class_2
37657,Class_2
55563,Class_2
99348,Class_2
64126,Class_2
30670,Class_3
63351,Class_3
76365,Class_3
24890,Class_3
54684,Class_2
55223,Class_1
39912,Class_3
96991,Class_2
36442,Class_3
29414,Class_4
3076,Class_3
76668,Class_3
48333,Class_3
71292,Class_2
28533,Class_2
9025,Class_2
52316,Class_2
89827,Class_2
55449,Class_2
53596,Class_2
10221,Class_1
22227,Class_2
41083,Class_2
30764,Class_4
50308,Class_2
66546,Class_2
40945,Class_3
24929,Class_2
11096,Class_2
79774,Class_4
83107,Class_2
928,Class_3
69448,Class_2
65301,Class_2
88702,Class_1
53691,Class_2
50847,Class_3
26577,Class_2
85320,Class_2
32385,Class_2
72958,Class_2
67458,Class_4
96943,Class_2
34900,Class_4
74875,Class_1
23269,Class_2
70203,Class_2
53899,Class_2
46267,Class_2
30658,Class_2
76045,Class_2
61119,Class_1
72064,Class_3
34472,Class_3
97255,Class_2
26186,Class_3
71283,Class_2
94757,Class_2
45531,Class_4
50999,Class_2
98604,Class_1
70711,Class_3
71538,Class_3
96401,Class_2
84855,Class_2
41053,Class_2
39337,Class_4
79074,Class_2
19370,Class_2
71103,Class_2
47613,Class_3
32763,Class_3
9624,Class_2
70769,Class_3
55492,Class_2
30512,Class_2
441,Class_2
70700,Class_2
23168,Class_1
40371,Class_2
18759,Class_2
36514,Class_3
90416,Class_2
40166,Class_2
8579,Class_3
23145,Class_1
56710,Class_2
12490,Class_2
26124,Class_3
82755,Class_2
74733,Class_2
12757,Class_2
68554,Class_2
66315,Class_3
46878,Class_2
10741,Class_2
77446,Class_4
13881,Class_3
40628,Class_1
22461,Class_2
22914,Class_1
15194,Class_2
84879,Class_1
21599,Class_2
6812,Class_2
47483,Class_3
86697,Class_3
96959,Class_2
25967,Class_2
89192,Class_2
34350,Class_3
69102,Class_2
59438,Class_2
85061,Class_3
1217,Class_4
55226,Class_2
95635,Class_2
62584,Class_3
52881,Class_2
9051,Class_3
81064,Class_3
29217,Class_2
92663,Class_2
16949,Class_2
47036,Class_4
18053,Class_2
98101,Class_2
57420,Class_2
99025,Class_2
32906,Class_3
24784,Class_2
2417,Class_2
73787,Class_2
49362,Class_1
11619,Class_3
82462,Class_3
10366,Class_3
59731,Class_3
3231,Class_3
54595,Class_3
10817,Class_2
43817,Class_2
53070,Class_3
11114,Class_2
20228,Class_3
10825,Class_4
99243,Class_4
57025,Class_4
94034,Class_2
49783,Class_2
49482,Class_2
87021,Class_2
71316,Class_2
21066,Class_2
56649,Class_1
30758,Class_3
12200,Class_2
77383,Class_2
26940,Class_1
97940,Class_2
7686,Class_2
55345,Class_2
33195,Class_3
28934,Class_3
70590,Class_3
91787,Class_2
33294,Class_3
63263,Class_4
44485,Class_3
20225,Class_2
85747,Class_3
93406,Class_2
77376,Class_2
90489,Class_2
67510,Class_4
88492,Class_3
34860,Class_3
57651,Class_2
12579,Class_2
92381,Class_3
9162,Class_3
66373,Class_3
26922,Class_2
6009,Class_2
92387,Class_2
32885,Class_3
90462,Class_2
58214,Class_2
62964,Class_2
44612,Class_2
51685,Class_2
49673,Class_2
66459,Class_2
89358,Class_2
33190,Class_3
60056,Class_2
80311,Class_4
53653,Class_2
66812,Class_2
5660,Class_1
91805,Class_3
22239,Class_3
38127,Class_1
70688,Class_2
23944,Class_2
47449,Class_2
74730,Class_2
30035,Class_2
40714,Class_3
38139,Class_2
43948,Class_2
26303,Class_1
78043,Class_2
41511,Class_2
15820,Class_2
8309,Class_3
78833,Class_3
19660,Class_2
74497,Class_1
82141,Class_2
64639,Class_2
3071,Class_2
70346,Class_3
67239,Class_2
43065,Class_4
71523,Class_2
7763,Class_2
92648,Class_3
61691,Class_1
28046,Class_3
6418,Class_2
2527,Class_2
63583,Class_3
75954,Class_2
57903,Class_2
27989,Class_4
5276,Class_1
53519,Class_3
96009,Class_2
49147,Class_2
77868,Class_4
29021,Class_3
95413,Class_2
57663,Class_2
2338,Class_2
7995,Class_1
15294,Class_2
1458,Class_2
37665,Class_2
93007,Class_2
4669,Class_2
74655,Class_2
26334,Class_4
36588,Class_3
26330,Class_2
35192,Class_2
57626,Class_3
66280,Class_3
3904,Class_2
45582,Class_2
1520,Class_2
75266,Class_1
6293,Class_2
47082,Class_2
34606,Class_2
72884,Class_3
66212,Class_2
99911,Class_4
56432,Class_3
33499,Class_1
28463,Class_1
15466,Class_2
36887,Class_2
85385,Class_2
60418,Class_2
59562,Class_2
77744,Class_3
41502,Class_1
45756,Class_2
66674,Class_3
97191,Class_2
62305,Class_2
12772,Class_2
23766,Class_2
41455,Class_2
10085,Class_4
33502,Class_3
94707,Class_2
15610,Class_2
40775,Class_4
90089,Class_2
76718,Class_2
81561,Class_3
24840,Class_4
84237,Class_2
51987,Class_3
45145,Class_3
62739,Class_2
58463,Class_3
1230,Class_2
29366,Class_2
5705,Class_1
5779,Class_1
21995,Class_2
13614,Class_1
95184,Class_2
98022,Class_2
22767,Class_4
87665,Class_2
86300,Class_2
25908,Class_4
72380,Class_2
22751,Class_2
46320,Class_2
50754,Class_2
15985,Class_2
61514,Class_2
18702,Class_4
93111,Class_3
5981,Class_3
15562,Class_1
40812,Class_1
77068,Class_1
82120,Class_2
45739,Class_2
43853,Class_1
72479,Class_1
98931,Class_3
4249,Class_3
61864,Class_2
82564,Class_2
58170,Class_2
59963,Class_3
20821,Class_1
16461,Class_4
34437,Class_3
90237,Class_2
59601,Class_2
69450,Class_2
18783,Class_2
59208,Class_2
38361,Class_4
20135,Class_2
10917,Class_3
45535,Class_2
86546,Class_2
32366,Class_2
52172,Class_2
66325,Class_2
9683,Class_2
46462,Class_2
74912,Class_4
74433,Class_3
59915,Class_2
41285,Class_2
84655,Class_4
27555,Class_2
34131,Class_4
52058,Class_3
31372,Class_3
23352,Class_2
56579,Class_2
55212,Class_2
852,Class_2
17247,Class_2
23921,Class_2
78063,Class_2
75447,Class_2
87057,Class_2
31179,Class_2
56542,Class_2
17346,Class_2
76418,Class_2
24095,Class_2
18337,Class_2
32576,Class_2
6062,Class_3
29017,Class_2
93125,Class_3
95949,Class_2
89823,Class_2
71843,Class_2
57640,Class_2
1040,Class_1
42745,Class_2
66157,Class_4
59116,Class_3
9735,Class_3
72130,Class_2
9965,Class_2
21929,Class_2
93575,Class_2
41255,Class_2
86301,Class_4
11181,Class_2
31968,Class_2
10649,Class_2
41386,Class_2
17599,Class_2
70608,Class_2
28100,Class_3
36733,Class_2
16240,Class_2
8941,Class_2
91572,Class_2
7725,Class_2
42611,Class_2
58532,Class_4
85872,Class_2
47694,Class_3
28624,Class_2
6000,Class_2
67326,Class_2
28189,Class_3
73260,Class_3
71935,Class_1
5904,Class_2
35231,Class_2
60801,Class_2
549,Class_3
59400,Class_4
23200,Class_3
60716,Class_2
15571,Class_2
31326,Class_2
33060,Class_2
47992,Class_1
95799,Class_3
30919,Class_2
95336,Class_2
48466,Class_3
22356,Class_1
51246,Class_2
73976,Class_2
59609,Class_1
19554,Class_2
71161,Class_1
84300,Class_4
46443,Class_2
88972,Class_2
26213,Class_2
85208,Class_2
66128,Class_3
83983,Class_2
82181,Class_3
30578,Class_4
85019,Class_3
9996,Class_2
59357,Class_3
44977,Class_2
63779,Class_2
50130,Class_3
62842,Class_2
2322,Class_2
6578,Class_2
31570,Class_2
20985,Class_2
56658,Class_2
81263,Class_2
59464,Class_3
44355,Class_2
32495,Class_2
5219,Class_4
80204,Class_2
48970,Class_2
22919,Class_4
72878,Class_2
52987,Class_2
58980,Class_4
41558,Class_1
20427,Class_3
19591,Class_2
90461,Class_1
82331,Class_2
42566,Class_2
60699,Class_2
83593,Class_2
69944,Class_2
19540,Class_2
44922,Class_1
62390,Class_2
5089,Class_2
47745,Class_2
49232,Class_3
27820,Class_2
26661,Class_2
71921,Class_3
47222,Class_2
95710,Class_2
60960,Class_2
75378,Class_4
78109,Class_3
74481,Class_2
80782,Class_2
33929,Class_3
55929,Class_2
8959,Class_3
98003,Class_3
45552,Class_2
49881,Class_2
41267,Class_3
52093,Class_2
69474,Class_2
62470,Class_2
68564,Class_3
69019,Class_3
26792,Class_1
23034,Class_2
83233,Class_4
20535,Class_4
39955,Class_2
64923,Class_4
77230,Class_3
28043,Class_2
18849,Class_2
96331,Class_2
24865,Class_4
84775,Class_1
29769,Class_2
27363,Class_1
82337,Class_1
16113,Class_4
93751,Class_2
94657,Class_2
24903,Class_3
33333,Class_2
62382,Class_4
60171,Class_1
90059,Class_4
62445,Class_2
26095,Class_3
98308,Class_3
25868,Class_3
61188,Class_2
15099,Class_2
12469,Class_3
62449,Class_1
7411,Class_3
33131,Class_3
65349,Class_3
12966,Class_2
38348,Class_4
64396,Class_2
16800,Class_2
32989,Class_4
92449,Class_2
56461,Class_2
3222,Class_4
41272,Class_4
91989,Class_2
82102,Class_2
2952,Class_3
69347,Class_2
95115,Class_1
49471,Class_2
70660,Class_2
86443,Class_4
44394,Class_3
21731,Class_4
96670,Class_2
99148,Class_2
62361,Class_3
20330,Class_2
22652,Class_2
81913,Class_1
57718,Class_2
53779,Class_3
70108,Class_2
70491,Class_3
88360,Class_2
16290,Class_2
5426,Class_2
56129,Class_3
8264,Class_2
81766,Class_2
99488,Class_3
43545,Class_2
85344,Class_2
19911,Class_4
46065,Class_2
67502,Class_4
80396,Class_2
74688,Class_3
70235,Class_2
46677,Class_3
27953,Class_2
97230,Class_2
36563,Class_2
75376,Class_2
88889,Class_2
64624,Class_2
14131,Class_2
2040,Class_4
64275,Class_1
82244,Class_4
93192,Class_2
50783,Class_3
98517,Class_3
73304,Class_2
50536,Class_3
69004,Class_2
16735,Class_2
69083,Class_3
64651,Class_2
78368,Class_3
73729,Class_2
34329,Class_3
93174,Class_4
655,Class_1
10963,Class_3
83395,Class_4
60300,Class_2
52539,Class_4
75708,Class_2
39684,Class_1
21587,Class_4
92264,Class_4
12355,Class_2
18500,Class_1
41626,Class_1
33017,Class_2
36570,Class_3
10970,Class_2
57936,Class_2
7714,Class_2
59642,Class_2
75565,Class_2
30576,Class_2
71067,Class_2
8270,Class_2
6208,Class_2
82139,Class_3
73160,Class_3
17096,Class_4
35914,Class_4
86179,Class_2
80503,Class_2
19291,Class_4
44210,Class_4
30316,Class_2
87242,Class_2
58242,Class_2
61999,Class_2
3593,Class_2
9314,Class_2
69189,Class_3
10093,Class_3
58572,Class_2
28792,Class_2
57208,Class_3
49771,Class_2
5526,Class_4
88374,Class_3
27646,Class_2
41668,Class_2
10981,Class_3
77957,Class_4
46048,Class_2
76878,Class_2
84959,Class_3
42867,Class_2
59541,Class_3
30721,Class_2
56847,Class_3
6219,Class_2
36254,Class_2
68518,Class_1
59996,Class_3
34863,Class_2
41275,Class_3
1430,Class_2
47339,Class_2
42847,Class_2
73083,Class_2
68695,Class_1
59699,Class_3
72156,Class_2
83815,Class_2
7580,Class_2
2098,Class_4
14180,Class_2
96642,Class_4
40926,Class_2
80033,Class_3
9509,Class_3
23628,Class_2
88358,Class_2
56337,Class_2
41242,Class_2
76346,Class_1
21124,Class_4
3153,Class_3
93646,Class_2
20960,Class_2
25119,Class_2
13053,Class_4
1260,Class_2
15901,Class_3
564,Class_3
10654,Class_3
31719,Class_2
10645,Class_2
37169,Class_2
11562,Class_3
37709,Class_1
37647,Class_2
7389,Class_4
8405,Class_3
48278,Class_2
21189,Class_3
29517,Class_2
53608,Class_2
50770,Class_2
95000,Class_2
38621,Class_3
80062,Class_2
47493,Class_2
30338,Class_3
18739,Class_3
22877,Class_3
270,Class_2
1318,Class_2
70050,Class_4
29534,Class_2
52601,Class_4
25142,Class_2
45658,Class_1
65566,Class_2
51781,Class_2
96873,Class_2
55108,Class_1
89592,Class_2
2547,Class_4
87797,Class_3
41195,Class_2
5953,Class_2
33054,Class_1
60780,Class_2
7687,Class_3
62642,Class_3
39188,Class_2
14806,Class_3
54010,Class_3
58850,Class_2
86983,Class_2
39182,Class_3
8999,Class_3
52150,Class_1
4505,Class_4
39250,Class_4
33771,Class_3
62333,Class_3
48153,Class_3
93979,Class_3
6100,Class_4
11141,Class_2
85484,Class_2
99154,Class_2
57280,Class_2
53637,Class_2
59455,Class_3
79976,Class_1
27244,Class_2
8229,Class_1
91065,Class_2
56302,Class_2
64130,Class_1
38642,Class_2
92560,Class_4
58280,Class_2
46932,Class_3
95342,Class_1
75366,Class_2
44266,Class_3
27964,Class_2
66240,Class_2
45726,Class_2
34706,Class_2
83724,Class_4
60799,Class_2
39445,Class_2
3716,Class_2
48941,Class_2
15528,Class_2
90956,Class_2
8180,Class_2
23035,Class_1
96566,Class_2
42465,Class_1
5982,Class_2
20925,Class_3
39542,Class_2
87401,Class_2
35295,Class_2
50191,Class_3
37400,Class_1
46082,Class_4
10290,Class_2
91162,Class_2
99062,Class_3
75836,Class_1
29468,Class_1
45566,Class_3
20743,Class_3
91690,Class_4
86990,Class_1
10408,Class_2
2546,Class_2
97459,Class_2
61253,Class_3
97231,Class_1
23388,Class_2
25787,Class_2
67842,Class_1
39196,Class_2
54637,Class_2
20097,Class_2
60980,Class_3
39344,Class_2
67131,Class_2
61066,Class_2
43932,Class_3
58625,Class_2
31427,Class_2
17497,Class_2
22654,Class_3
5002,Class_3
21898,Class_2
14762,Class_2
29809,Class_2
58777,Class_2
40420,Class_2
36794,Class_3
51384,Class_2
84764,Class_3
61649,Class_2
15486,Class_2
26091,Class_2
83062,Class_2
2771,Class_2
67030,Class_3
94906,Class_4
99173,Class_4
52259,Class_1
79659,Class_2
26970,Class_2
80040,Class_3
5047,Class_3
71413,Class_3
64521,Class_2
81642,Class_2
85274,Class_2
68332,Class_1
30510,Class_2
23637,Class_3
67366,Class_2
38029,Class_2
83594,Class_2
87962,Class_2
68543,Class_2
46541,Class_3
365,Class_1
21421,Class_2
99291,Class_4
53921,Class_2
96840,Class_2
4009,Class_2
32420,Class_2
11504,Class_2
16774,Class_2
21926,Class_1
77385,Class_3
85576,Class_2
62234,Class_2
53229,Class_4
33966,Class_2
84548,Class_3
97109,Class_4
49463,Class_2
69094,Class_2
86424,Class_3
83888,Class_2
81143,Class_2
85997,Class_2
32080,Class_2
73430,Class_2
40752,Class_3
37870,Class_2
7756,Class_2
15519,Class_4
24237,Class_4
53456,Class_4
20356,Class_3
60456,Class_2
51381,Class_3
65201,Class_2
81283,Class_3
95008,Class_3
1858,Class_2
5288,Class_2
91957,Class_2
77477,Class_3
54891,Class_2
6232,Class_3
36702,Class_2
68290,Class_3
27022,Class_1
45546,Class_2
575,Class_3
42355,Class_1
70367,Class_4
51388,Class_2
91327,Class_3
83132,Class_3
1575,Class_2
12752,Class_2
85313,Class_3
28674,Class_3
88656,Class_2
27437,Class_3
42326,Class_2
53683,Class_2
51102,Class_3
90890,Class_4
41061,Class_2
63547,Class_3
67257,Class_2
35887,Class_2
44937,Class_2
61893,Class_4
70256,Class_2
74439,Class_4
65676,Class_2
48449,Class_2
40340,Class_1
2958,Class_4
72157,Class_3
66532,Class_3
1599,Class_2
51842,Class_2
19315,Class_2
61461,Class_2
14406,Class_1
32200,Class_2
85688,Class_3
6872,Class_2
13928,Class_2
95065,Class_4
55722,Class_3
70057,Class_2
91422,Class_2
47649,Class_2
25128,Class_2
2391,Class_2
13600,Class_4
16314,Class_2
52529,Class_3
2667,Class_3
21549,Class_2
98111,Class_2
24034,Class_2
46447,Class_2
50359,Class_3
90552,Class_2
31266,Class_4
6301,Class_2
27380,Class_2
85509,Class_2
98172,Class_4
38527,Class_2
75443,Class_2
95419,Class_3
17969,Class_2
74120,Class_3
48936,Class_3
34496,Class_4
52894,Class_2
41780,Class_4
97486,Class_1
58558,Class_3
32073,Class_2
67883,Class_2
12331,Class_2
77992,Class_3
7395,Class_4
43417,Class_2
40569,Class_3
21350,Class_2
63019,Class_4
78508,Class_2
69009,Class_2
85970,Class_1
31442,Class_2
81511,Class_2
77822,Class_3
38874,Class_2
81630,Class_3
68479,Class_4
97031,Class_2
93773,Class_1
4618,Class_3
3166,Class_3
63606,Class_2
98696,Class_2
8325,Class_1
84722,Class_4
75472,Class_2
25434,Class_1
78838,Class_4
64786,Class_2
11583,Class_2
99035,Class_2
12557,Class_2
94363,Class_3
26535,Class_2
12110,Class_4
60866,Class_4
63550,Class_2
46933,Class_4
49265,Class_3
2286,Class_2
76339,Class_1
49706,Class_3
92220,Class_4
25039,Class_3
10926,Class_2
6569,Class_2
94361,Class_2
21550,Class_3
39186,Class_2
69971,Class_2
95578,Class_3
43490,Class_4
81794,Class_2
43961,Class_2
53657,Class_3
71925,Class_2
67177,Class_4
86849,Class_2
50286,Class_4
42288,Class_2
57292,Class_3
3393,Class_2
37017,Class_2
52319,Class_2
31727,Class_2
76782,Class_3
46161,Class_2
29915,Class_2
24999,Class_2
99585,Class_2
9789,Class_4
77361,Class_2
28177,Class_2
40299,Class_2
78117,Class_2
27212,Class_2
78049,Class_2
71202,Class_2
49779,Class_2
32866,Class_4
63088,Class_3
83432,Class_4
88042,Class_2
93880,Class_2
98783,Class_4
20458,Class_2
40359,Class_1
47166,Class_3
96219,Class_2
11497,Class_3
44080,Class_2
94802,Class_2
38535,Class_3
58373,Class_2
979,Class_3
77959,Class_2
46050,Class_3
91437,Class_2
83474,Class_2
64205,Class_2
53745,Class_2
93248,Class_3
31540,Class_2
63420,Class_2
55005,Class_3
78216,Class_2
57249,Class_3
40855,Class_2
43320,Class_2
52146,Class_2
18512,Class_3
90691,Class_4
77262,Class_2
62036,Class_1
10902,Class_3
27116,Class_2
21389,Class_1
66006,Class_2
38424,Class_1
81378,Class_2
53248,Class_2
54373,Class_2
16933,Class_1
69107,Class_4
42068,Class_2
18881,Class_4
5353,Class_3
55608,Class_2
69704,Class_1
77547,Class_2
41535,Class_2
73645,Class_2
69782,Class_2
7319,Class_2
58244,Class_4
54128,Class_2
39981,Class_2
56640,Class_4
56753,Class_2
81222,Class_4
35095,Class_2
4148,Class_3
55181,Class_2
55530,Class_3
89151,Class_2
85671,Class_2
2468,Class_2
25588,Class_2
30732,Class_4
45462,Class_4
10723,Class_2
67020,Class_4
41963,Class_2
89610,Class_2
86044,Class_3
77491,Class_1
45651,Class_2
90249,Class_2
18248,Class_1
84871,Class_2
7730,Class_2
44263,Class_2
55767,Class_2
94039,Class_2
41821,Class_2
77946,Class_3
80713,Class_3
78141,Class_4
41948,Class_4
14881,Class_2
26322,Class_4
43257,Class_2
94453,Class_2
78702,Class_2
32718,Class_3
18853,Class_2
40471,Class_2
95806,Class_3
47317,Class_2
47844,Class_3
79696,Class_2
29868,Class_4
29939,Class_4
48953,Class_2
23604,Class_3
89352,Class_4
28049,Class_3
4145,Class_2
49562,Class_2
43697,Class_3
78364,Class_3
22279,Class_2
46122,Class_2
62557,Class_1
15393,Class_2
16866,Class_2
47399,Class_3
97642,Class_2
47835,Class_2
55447,Class_2
82732,Class_2
62283,Class_3
82827,Class_1
34222,Class_2
44822,Class_2
59445,Class_2
47327,Class_2
94494,Class_1
37200,Class_1
25369,Class_2
79690,Class_2
11313,Class_3
47217,Class_3
63189,Class_3
28890,Class_2
62346,Class_2
55080,Class_2
39425,Class_3
40019,Class_3
2544,Class_2
19662,Class_2
25841,Class_3
13098,Class_2
85498,Class_3
26829,Class_4
17953,Class_1
76006,Class_1
94349,Class_2
56349,Class_4
35619,Class_4
78271,Class_1
52373,Class_2
79514,Class_2
77630,Class_3
94723,Class_2
29049,Class_2
65060,Class_1
57770,Class_4
96308,Class_3
88346,Class_2
89173,Class_2
70754,Class_1
41996,Class_2
95140,Class_2
86471,Class_2
43384,Class_2
36689,Class_4
88192,Class_4
30430,Class_2
62512,Class_3
98734,Class_2
29133,Class_2
4657,Class_2
24460,Class_4
61820,Class_3
81761,Class_3
86683,Class_3
56275,Class_3
64150,Class_2
29109,Class_2
72893,Class_2
49078,Class_2
46210,Class_3
36838,Class_2
2220,Class_3
15613,Class_2
91092,Class_4
67362,Class_3
33265,Class_1
90831,Class_1
48158,Class_3
98871,Class_2
77620,Class_3
2785,Class_3
49995,Class_2
59296,Class_3
34566,Class_4
28596,Class_2
85846,Class_2
32890,Class_3
32025,Class_2
95157,Class_2
89756,Class_4
18571,Class_2
12750,Class_2
1738,Class_3
5146,Class_1
46879,Class_2
54934,Class_1
82019,Class_2
3848,Class_2
23796,Class_3
9887,Class_1
36707,Class_2
59239,Class_2
48154,Class_2
88334,Class_2
63951,Class_2
47658,Class_1
98369,Class_3
28710,Class_2
68852,Class_2
66647,Class_2
93967,Class_2
88542,Class_4
29505,Class_4
20266,Class_2
34645,Class_2
64717,Class_2
10867,Class_1
13935,Class_2
44918,Class_2
66100,Class_2
89323,Class_2
62005,Class_2
53868,Class_2
67358,Class_1
84780,Class_2
48808,Class_2
41254,Class_3
36597,Class_1
96793,Class_2
9351,Class_3
96346,Class_2
18142,Class_2
42948,Class_1
48881,Class_3
81164,Class_2
26106,Class_2
72259,Class_2
30223,Class_3
53978,Class_1
78212,Class_2
60042,Class_4
77863,Class_2
40260,Class_4
38266,Class_4
54188,Class_2
81063,Class_3
36532,Class_2
57750,Class_2
16130,Class_2
96449,Class_2
71009,Class_2
79005,Class_2
98680,Class_1
79470,Class_3
38166,Class_2
65739,Class_2
39524,Class_1
36204,Class_3
43885,Class_4
78721,Class_2
73939,Class_2
42834,Class_1
91526,Class_2
11930,Class_3
78171,Class_2
50104,Class_3
87147,Class_2
74360,Class_3
4643,Class_2
31482,Class_2
63698,Class_4
25455,Class_2
83219,Class_1
97026,Class_1
44534,Class_2
3208,Class_2
39545,Class_3
44025,Class_1
16420,Class_2
88997,Class_2
30004,Class_2
40450,Class_2
83744,Class_2
55593,Class_4
80845,Class_3
37008,Class_1
75649,Class_2
21417,Class_2
67473,Class_2
41151,Class_3
50310,Class_2
8638,Class_2
37475,Class_2
59359,Class_2
29946,Class_2
52252,Class_3
1598,Class_2
69769,Class_2
14370,Class_2
20590,Class_2
92200,Class_4
84539,Class_1
72696,Class_2
45559,Class_4
44129,Class_2
93054,Class_2
84701,Class_3
48074,Class_1
50407,Class_2
33894,Class_3
16210,Class_3
22199,Class_4
45247,Class_3
32114,Class_2
40650,Class_3
61219,Class_2
37898,Class_3
19957,Class_1
51485,Class_2
66953,Class_1
42643,Class_3
36878,Class_2
66755,Class_2
76397,Class_2
14536,Class_3
76731,Class_1
91610,Class_2
97329,Class_2
28961,Class_1
22910,Class_4
6177,Class_2
85215,Class_2
58771,Class_2
4185,Class_3
88104,Class_4
11040,Class_2
2372,Class_2
18912,Class_4
59054,Class_4
65643,Class_2
85308,Class_2
30687,Class_2
56285,Class_2
11777,Class_2
84351,Class_3
16446,Class_2
15968,Class_3
52216,Class_2
876,Class_1
95165,Class_2
70887,Class_3
58508,Class_2
77644,Class_2
72757,Class_2
20262,Class_2
49472,Class_2
23727,Class_2
3289,Class_3
37981,Class_1
24393,Class_1
49368,Class_4
46274,Class_2
73796,Class_2
81262,Class_4
57463,Class_3
15062,Class_2
29578,Class_2
20682,Class_3
66449,Class_2
60680,Class_4
71585,Class_2
42027,Class_3
35741,Class_3
54608,Class_3
26087,Class_2
41693,Class_2
88667,Class_3
29382,Class_3
52040,Class_2
93116,Class_2
1543,Class_2
11409,Class_2
78703,Class_4
90073,Class_2
74380,Class_2
88102,Class_2
37747,Class_2
49660,Class_1
2891,Class_4
68713,Class_2
31021,Class_2
19712,Class_2
60080,Class_2
10501,Class_2
50714,Class_2
12053,Class_2
19310,Class_2
46394,Class_2
39696,Class_2
8589,Class_2
1221,Class_1
64759,Class_2
40923,Class_3
30000,Class_3
93485,Class_3
97055,Class_2
90865,Class_3
72863,Class_1
64920,Class_3
98066,Class_2
30621,Class_2
11906,Class_1
34272,Class_1
87677,Class_1
101,Class_2
45118,Class_2
31083,Class_3
77615,Class_2
50334,Class_2
70334,Class_3
40474,Class_2
99715,Class_4
49611,Class_2
90328,Class_2
4940,Class_3
47827,Class_2
60291,Class_2
54914,Class_2
88002,Class_2
50463,Class_2
41776,Class_2
76873,Class_2
56217,Class_2
22714,Class_2
42744,Class_2
88638,Class_2
37037,Class_3
99033,Class_2
12789,Class_2
80995,Class_2
68060,Class_3
20364,Class_2
92766,Class_3
54814,Class_2
76722,Class_2
27093,Class_4
34035,Class_2
22353,Class_2
31920,Class_2
26317,Class_3
73464,Class_2
97242,Class_3
31192,Class_2
74739,Class_2
86506,Class_2
54622,Class_2
20078,Class_2
57881,Class_2
10289,Class_1
68632,Class_2
69175,Class_4
67236,Class_1
11570,Class_2
60773,Class_2
35476,Class_3
79772,Class_4
19375,Class_4
80495,Class_2
83153,Class_2
4420,Class_4
22006,Class_2
71419,Class_2
78355,Class_2
30400,Class_3
84735,Class_3
81364,Class_2
20603,Class_1
47520,Class_2
19687,Class_2
79994,Class_4
18828,Class_2
3309,Class_2
42917,Class_2
2873,Class_3
99954,Class_2
90100,Class_2
16320,Class_3
89660,Class_2
93504,Class_2
65799,Class_2
6108,Class_2
50925,Class_4
11098,Class_2
29207,Class_2
15502,Class_3
99470,Class_4
41982,Class_2
68969,Class_1
19878,Class_1
33839,Class_1
36107,Class_2
91799,Class_2
80031,Class_3
96307,Class_4
64395,Class_2
31939,Class_3
49963,Class_3
60234,Class_2
38234,Class_2
66638,Class_4
94614,Class_3
20277,Class_1
68092,Class_1
22999,Class_2
43673,Class_4
39822,Class_3
61648,Class_2
14137,Class_2
70593,Class_2
22309,Class_2
30053,Class_4
98083,Class_2
63727,Class_2
96421,Class_3
86575,Class_3
54539,Class_1
74484,Class_1
22775,Class_2
76477,Class_2
38091,Class_2
12484,Class_2
72857,Class_2
37209,Class_2
51751,Class_4
91546,Class_2
85995,Class_4
8543,Class_4
23514,Class_2
28521,Class_4
63616,Class_2
17579,Class_2
77458,Class_4
54552,Class_2
42512,Class_2
63773,Class_2
40298,Class_1
21756,Class_2
82751,Class_2
15663,Class_2
31794,Class_2
2592,Class_2
84841,Class_4
12820,Class_3
58079,Class_2
34275,Class_3
1742,Class_2
5389,Class_2
96476,Class_3
22094,Class_2
2309,Class_2
97023,Class_2
23962,Class_2
33621,Class_3
90155,Class_2
17308,Class_2
59250,Class_2
62917,Class_2
68473,Class_2
68789,Class_4
33801,Class_3
7448,Class_2
16726,Class_2
1841,Class_1
8913,Class_3
15292,Class_2
72151,Class_2
65461,Class_4
57481,Class_2
34455,Class_2
28243,Class_2
60770,Class_4
24429,Class_1
7363,Class_2
9543,Class_3
9826,Class_2
32404,Class_3
36488,Class_2
65111,Class_2
31697,Class_2
41512,Class_2
80841,Class_2
69238,Class_1
12396,Class_2
62412,Class_2
62689,Class_2
62258,Class_1
7836,Class_2
27693,Class_2
19732,Class_2
83650,Class_3
56442,Class_3
47750,Class_2
61986,Class_2
9368,Class_3
62973,Class_1
71580,Class_3
77144,Class_2
142,Class_3
79420,Class_2
91487,Class_4
98665,Class_2
17609,Class_2
4624,Class_2
21624,Class_2
98974,Class_2
41442,Class_2
10630,Class_2
75560,Class_3
22768,Class_2
50671,Class_4
49802,Class_2
81390,Class_2
87,Class_1
12524,Class_3
71178,Class_2
26397,Class_2
10949,Class_2
71070,Class_1
82473,Class_3
49035,Class_3
78801,Class_2
14531,Class_4
40406,Class_2
57140,Class_2
77330,Class_2
46282,Class_3
66742,Class_2
94590,Class_2
88807,Class_2
51561,Class_2
80572,Class_2
7623,Class_2
4276,Class_2
74914,Class_4
896,Class_4
98590,Class_2
46391,Class_3
53449,Class_2
94017,Class_2
32318,Class_2
65880,Class_2
70811,Class_2
69339,Class_2
69469,Class_1
35404,Class_3
66071,Class_2
42158,Class_2
86817,Class_4
16095,Class_2
27271,Class_4
65692,Class_4
34304,Class_1
86640,Class_3
62353,Class_2
39158,Class_2
84696,Class_4
72326,Class_4
69897,Class_2
5395,Class_3
8743,Class_2
66488,Class_2
59982,Class_2
95236,Class_2
9991,Class_3
76343,Class_2
20596,Class_2
36048,Class_1
99476,Class_2
34038,Class_2
49219,Class_2
1364,Class_3
11616,Class_2
52715,Class_3
24369,Class_2
52192,Class_4
1390,Class_1
62799,Class_2
99955,Class_3
55367,Class_3
97998,Class_2
85698,Class_2
79013,Class_2
17342,Class_3
79243,Class_3
85097,Class_3
15425,Class_2
11192,Class_1
54204,Class_2
88525,Class_2
53230,Class_2
61769,Class_3
99254,Class_2
9804,Class_2
98531,Class_2
43321,Class_3
35558,Class_2
20206,Class_1
68824,Class_2
97137,Class_2
89945,Class_2
10889,Class_2
77532,Class_2
12347,Class_2
92818,Class_1
28137,Class_2
86656,Class_2
63161,Class_2
77107,Class_3
75441,Class_3
85348,Class_2
93621,Class_2
56424,Class_2
127,Class_2
89429,Class_1
71583,Class_2
72527,Class_1
86187,Class_3
69633,Class_4
76236,Class_2
82334,Class_2
26735,Class_3
63660,Class_3
35752,Class_2
73791,Class_1
74154,Class_3
51414,Class_2
33480,Class_3
85749,Class_2
18509,Class_2
68801,Class_2
48858,Class_2
36552,Class_2
97847,Class_4
62998,Class_3
1077,Class_4
36034,Class_4
57044,Class_2
12407,Class_2
30877,Class_3
49243,Class_3
48111,Class_1
8306,Class_2
31631,Class_3
73867,Class_2
97297,Class_2
76712,Class_2
61190,Class_2
70145,Class_3
39439,Class_2
21107,Class_2
73877,Class_2
59420,Class_3
95335,Class_2
83857,Class_2
33560,Class_2
21904,Class_2
22155,Class_1
37244,Class_4
61150,Class_3
4128,Class_2
25584,Class_2
22450,Class_2
73564,Class_2
42350,Class_3
84378,Class_4
57675,Class_2
81393,Class_4
45903,Class_2
91984,Class_3
94519,Class_2
94511,Class_2
68075,Class_2
37503,Class_3
76605,Class_2
30229,Class_2
9237,Class_2
57818,Class_3
64266,Class_4
36297,Class_3
74257,Class_2
17049,Class_3
82557,Class_3
40045,Class_2
52610,Class_3
38308,Class_3
67399,Class_2
56833,Class_2
96673,Class_2
64556,Class_2
47537,Class_2
91734,Class_2
76775,Class_2
24867,Class_4
80355,Class_2
54599,Class_2
39778,Class_2
30454,Class_2
87859,Class_4
2660,Class_3
78396,Class_2
44824,Class_2
21010,Class_4
65810,Class_2
81894,Class_2
19594,Class_4
89260,Class_2
31694,Class_2
36921,Class_2
84502,Class_3
32674,Class_1
7026,Class_3
29440,Class_2
80970,Class_2
70943,Class_2
93050,Class_2
7333,Class_2
97653,Class_2
48096,Class_2
10571,Class_3
52565,Class_2
13955,Class_1
4282,Class_2
27176,Class_2
32665,Class_2
30500,Class_2
69271,Class_2
19183,Class_4
33940,Class_2
39890,Class_3
91513,Class_2
47983,Class_3
72626,Class_2
19489,Class_3
60177,Class_4
78335,Class_2
39345,Class_3
43999,Class_3
20870,Class_2
25321,Class_2
7220,Class_2
98684,Class_2
44365,Class_4
13486,Class_2
7794,Class_3
68510,Class_2
10254,Class_3
10757,Class_2
59907,Class_3
40827,Class_2
84677,Class_3
1469,Class_3
33886,Class_4
74743,Class_2
11965,Class_2
22039,Class_1
4635,Class_3
96281,Class_2
17317,Class_2
2182,Class_2
26554,Class_2
99835,Class_3
47909,Class_2
90235,Class_2
70745,Class_2
21079,Class_2
79892,Class_2
85110,Class_3
2791,Class_2
75076,Class_2
32755,Class_3
54521,Class_2
14044,Class_2
7751,Class_2
29305,Class_3
13367,Class_1
63599,Class_4
36504,Class_2
58011,Class_2
28010,Class_2
28292,Class_4
97874,Class_2
42561,Class_2
60604,Class_2
2327,Class_2
76609,Class_3
42871,Class_2
86236,Class_2
60467,Class_1
97378,Class_2
50361,Class_2
80939,Class_2
57316,Class_2
96829,Class_3
92955,Class_2
55238,Class_3
92537,Class_2
72188,Class_2
56345,Class_2
26053,Class_2
49026,Class_2
43187,Class_1
58794,Class_2
37797,Class_3
96499,Class_4
37856,Class_2
42952,Class_3
33505,Class_2
18928,Class_4
87549,Class_2
43207,Class_1
54132,Class_1
17691,Class_4
43216,Class_3
4253,Class_3
92044,Class_2
88417,Class_2
47226,Class_2
22819,Class_3
93800,Class_3
94728,Class_2
86963,Class_2
83563,Class_2
44806,Class_2
77419,Class_3
93711,Class_2
6361,Class_2
7926,Class_2
93454,Class_3
61374,Class_2
457,Class_3
47065,Class_3
70023,Class_1
91204,Class_2
84626,Class_1
21436,Class_2
34280,Class_1
802,Class_2
50399,Class_3
66288,Class_2
70416,Class_2
1463,Class_2
46708,Class_2
78829,Class_2
6832,Class_2
94194,Class_2
96522,Class_3
41473,Class_2
99322,Class_2
97009,Class_3
48090,Class_3
52377,Class_2
87439,Class_2
79162,Class_2
90597,Class_2
26424,Class_2
24410,Class_3
18106,Class_3
54657,Class_2
66476,Class_3
87930,Class_3
41510,Class_2
46368,Class_2
72192,Class_2
45497,Class_2
36238,Class_2
19555,Class_2
87734,Class_2
3835,Class_3
71065,Class_3
86625,Class_3
97779,Class_4
24314,Class_2
50132,Class_2
69606,Class_4
79503,Class_2
84914,Class_2
64404,Class_2
9193,Class_2
89661,Class_3
28944,Class_3
80247,Class_2
66871,Class_3
58435,Class_3
44193,Class_2
40381,Class_4
55603,Class_4
53381,Class_2
16895,Class_2
2371,Class_2
1718,Class_4
67809,Class_2
56019,Class_2
89159,Class_2
43483,Class_3
68610,Class_2
10565,Class_2
88079,Class_3
41137,Class_2
68144,Class_1
8617,Class_2
22210,Class_2
19848,Class_2
56457,Class_2
61318,Class_2
71488,Class_3
87894,Class_1
97618,Class_3
18937,Class_2
99160,Class_2
38836,Class_2
14524,Class_4
3629,Class_3
26846,Class_4
72375,Class_2
89896,Class_2
68615,Class_4
19181,Class_4
94921,Class_4
51288,Class_3
93350,Class_2
23285,Class_2
2644,Class_2
18657,Class_4
9138,Class_2
47608,Class_2
88684,Class_2
35335,Class_4
42371,Class_3
75617,Class_2
11567,Class_2
71681,Class_4
82923,Class_2
43323,Class_2
6235,Class_2
84150,Class_4
80417,Class_3
17906,Class_2
48763,Class_2
36871,Class_2
14682,Class_1
34714,Class_1
92624,Class_2
69524,Class_2
64118,Class_2
21737,Class_2
45899,Class_3
31006,Class_2
74546,Class_2
41089,Class_2
79128,Class_3
27741,Class_2
61755,Class_4
5716,Class_4
13278,Class_2
82920,Class_4
41222,Class_1
65374,Class_4
49495,Class_2
15902,Class_2
98870,Class_2
62803,Class_2
20299,Class_2
11372,Class_4
873,Class_1
36682,Class_1
76504,Class_2
64080,Class_1
56237,Class_2
94268,Class_3
75721,Class_4
3056,Class_2
60567,Class_2
30797,Class_3
95884,Class_3
83921,Class_2
25865,Class_3
5158,Class_2
80125,Class_2
29233,Class_1
96508,Class_2
73111,Class_3
94495,Class_2
61403,Class_4
13741,Class_1
75252,Class_2
28921,Class_3
16370,Class_2
47789,Class_4
9163,Class_2
89265,Class_2
52826,Class_2
71579,Class_2
55410,Class_2
31622,Class_2
25231,Class_4
40619,Class_2
38869,Class_4
48336,Class_2
47757,Class_2
53607,Class_2
92997,Class_2
82003,Class_2
33467,Class_3
62296,Class_2
69811,Class_3
73731,Class_1
6491,Class_2
89165,Class_3
5447,Class_4
51878,Class_1
77217,Class_2
8883,Class_2
50556,Class_4
76042,Class_2
14736,Class_3
14304,Class_3
57525,Class_2
74973,Class_2
57634,Class_3
78203,Class_1
92825,Class_4
31776,Class_4
1761,Class_2
75299,Class_3
13756,Class_2
61237,Class_2
42577,Class_3
24545,Class_3
70813,Class_3
71214,Class_2
79379,Class_2
96540,Class_2
87223,Class_2
7339,Class_3
67383,Class_2
39168,Class_4
80616,Class_2
24948,Class_2
20657,Class_2
41737,Class_4
66339,Class_3
36061,Class_4
56180,Class_2
90783,Class_2
27334,Class_2
12503,Class_1
76597,Class_2
63299,Class_2
21211,Class_3
61994,Class_2
66475,Class_2
88400,Class_3
91997,Class_4
7895,Class_2
40493,Class_3
49834,Class_3
33398,Class_4
22583,Class_2
581,Class_3
3699,Class_2
34809,Class_1
18275,Class_3
26683,Class_1
98739,Class_2
76822,Class_2
55970,Class_3
93703,Class_2
20334,Class_1
28898,Class_3
27409,Class_2
474,Class_2
50816,Class_2
97965,Class_2
40009,Class_4
92168,Class_2
60121,Class_2
7862,Class_1
31120,Class_2
295,Class_1
31835,Class_1
68202,Class_4
31590,Class_3
65400,Class_2
89447,Class_2
342,Class_2
35990,Class_2
14165,Class_2
47437,Class_3
11468,Class_1
90335,Class_2
16046,Class_2
80883,Class_2
26674,Class_4
41101,Class_2
29175,Class_2
61887,Class_4
4116,Class_2
42449,Class_3
88888,Class_4
80410,Class_2
50651,Class_2
92246,Class_4
34093,Class_2
32579,Class_1
4931,Class_2
19100,Class_2
47089,Class_2
57400,Class_3
12351,Class_2
90329,Class_2
67349,Class_2
18342,Class_2
76074,Class_3
51997,Class_1
48078,Class_2
33816,Class_2
61473,Class_2
6925,Class_4
48527,Class_2
93486,Class_2
14247,Class_2
27976,Class_3
7545,Class_4
71364,Class_2
59585,Class_1
1053,Class_2
66386,Class_4
12942,Class_4
88401,Class_4
65791,Class_2
11794,Class_3
47338,Class_2
12621,Class_3
92844,Class_3
18813,Class_1
59922,Class_3
51463,Class_4
12479,Class_3
63604,Class_2
47436,Class_3
25636,Class_2
15337,Class_2
9870,Class_3
2588,Class_1
67886,Class_2
41630,Class_2
5970,Class_1
42102,Class_2
67511,Class_2
69435,Class_2
42149,Class_3
25331,Class_3
41204,Class_2
98133,Class_2
99013,Class_2
8169,Class_2
41180,Class_3
63945,Class_3
5548,Class_2
34625,Class_1
40594,Class_1
54667,Class_3
86965,Class_2
25284,Class_3
87491,Class_2
34598,Class_2
63664,Class_2
59847,Class_4
95852,Class_2
94396,Class_2
24397,Class_2
10641,Class_2
83389,Class_4
46150,Class_2
20992,Class_3
6933,Class_4
25554,Class_2
93811,Class_3
69501,Class_2
18400,Class_2
11248,Class_2
19526,Class_4
64155,Class_4
51402,Class_2
62563,Class_3
58731,Class_2
10666,Class_4
62630,Class_3
5374,Class_4
25871,Class_2
11402,Class_4
25250,Class_3
98295,Class_3
61712,Class_2
45548,Class_1
82278,Class_2
47372,Class_4
9181,Class_2
44668,Class_2
10592,Class_3
33931,Class_2
81053,Class_2
67251,Class_2
66862,Class_2
6423,Class_3
54050,Class_2
33478,Class_2
74001,Class_3
31098,Class_3
57606,Class_2
25840,Class_2
86441,Class_4
4363,Class_2
78735,Class_1
38806,Class_2
50439,Class_1
20395,Class_2
54887,Class_2
8246,Class_2
22374,Class_3
32325,Class_1
95656,Class_2
63050,Class_2
38895,Class_4
81425,Class_2
56347,Class_3
22644,Class_1
40919,Class_4
8856,Class_3
51276,Class_2
40250,Class_4
54267,Class_2
2630,Class_3
6329,Class_4
79402,Class_4
84201,Class_3
85142,Class_2
38003,Class_4
2267,Class_2
92199,Class_2
90242,Class_3
12423,Class_3
23602,Class_2
95181,Class_2
60785,Class_3
36535,Class_4
53068,Class_2
75279,Class_2
4402,Class_2
16540,Class_4
23124,Class_3
58713,Class_2
5567,Class_3
44720,Class_2
65890,Class_2
4519,Class_4
23894,Class_2
67408,Class_2
73856,Class_4
47542,Class_1
79754,Class_2
26864,Class_2
44282,Class_2
92252,Class_3
69614,Class_2
96926,Class_3
42657,Class_2
75292,Class_3
8069,Class_4
8943,Class_3
95999,Class_1
51427,Class_2
78557,Class_3
43797,Class_2
16667,Class_2
52852,Class_2
79197,Class_2
85710,Class_2
42603,Class_2
95367,Class_2
58402,Class_3
63495,Class_3
88852,Class_3
87947,Class_1
54315,Class_3
26816,Class_2
17873,Class_1
62826,Class_3
80963,Class_4
16930,Class_1
1801,Class_2
71483,Class_4
52094,Class_2
52707,Class_1
32990,Class_2
47250,Class_2
36406,Class_2
65858,Class_1
84982,Class_2
31960,Class_2
23771,Class_2
39269,Class_2
73906,Class_2
92695,Class_2
72609,Class_2
30784,Class_3
79346,Class_2
33082,Class_4
72952,Class_2
74402,Class_4
21779,Class_2
31375,Class_2
95454,Class_2
58869,Class_2
26780,Class_1
72336,Class_3
8936,Class_3
72641,Class_3
60073,Class_3
82682,Class_4
22773,Class_4
38053,Class_3
58155,Class_2
90019,Class_1
25459,Class_1
89727,Class_1
13773,Class_2
38753,Class_3
1173,Class_3
97907,Class_4
56038,Class_2
75641,Class_2
80999,Class_3
44076,Class_2
1309,Class_3
33156,Class_2
64870,Class_1
81346,Class_1
34665,Class_2
45051,Class_2
61139,Class_2
5120,Class_3
67597,Class_3
6781,Class_2
8835,Class_2
12962,Class_2
23517,Class_4
6956,Class_2
44024,Class_4
78624,Class_2
24799,Class_3
16814,Class_2
97713,Class_2
18412,Class_1
88423,Class_3
69373,Class_2
31692,Class_1
55516,Class_2
94158,Class_4
96864,Class_4
40651,Class_2
36192,Class_3
56687,Class_2
79619,Class_1
83131,Class_1
32764,Class_2
75772,Class_2
53869,Class_2
20051,Class_2
75464,Class_4
63022,Class_1
62161,Class_2
11758,Class_2
88674,Class_2
9724,Class_3
87887,Class_3
47640,Class_2
7991,Class_2
6559,Class_2
86273,Class_2
40255,Class_2
83227,Class_2
67279,Class_2
25889,Class_3
18686,Class_3
50718,Class_2
68717,Class_2
33242,Class_2
82958,Class_4
99769,Class_2
41096,Class_3
98337,Class_3
18370,Class_3
86492,Class_2
90503,Class_2
48772,Class_2
88476,Class_1
5354,Class_2
83950,Class_3
8093,Class_2
75668,Class_3
11834,Class_2
89483,Class_2
13471,Class_2
86579,Class_1
62738,Class_2
8641,Class_2
22926,Class_2
51521,Class_2
30835,Class_2
6134,Class_2
33317,Class_1
99943,Class_2
52580,Class_2
6321,Class_1
86446,Class_2
94925,Class_3
46575,Class_2
79028,Class_2
64532,Class_3
40040,Class_2
63608,Class_2
12358,Class_2
75327,Class_2
74517,Class_3
64605,Class_3
92370,Class_2
9434,Class_2
9489,Class_2
10713,Class_2
77516,Class_2
82952,Class_1
50619,Class_3
92306,Class_3
93424,Class_2
17364,Class_4
69682,Class_3
32394,Class_3
18967,Class_3
41046,Class_2
68954,Class_2
22799,Class_2
10656,Class_2
13705,Class_2
52819,Class_2
42528,Class_2
45711,Class_2
60416,Class_2
21884,Class_2
88224,Class_2
712,Class_3
96222,Class_4
81498,Class_2
59122,Class_3
99106,Class_2
96477,Class_2
57991,Class_4
29571,Class_2
76033,Class_2
71100,Class_3
15662,Class_3
59623,Class_2
37013,Class_3
29909,Class_2
12476,Class_2
24882,Class_2
74986,Class_2
15356,Class_3
20261,Class_2
97174,Class_2
19805,Class_1
4615,Class_2
20777,Class_2
47282,Class_3
21815,Class_2
78875,Class_2
19496,Class_1
43217,Class_3
53484,Class_2
72399,Class_3
11466,Class_1
60014,Class_4
15343,Class_3
61995,Class_2
89482,Class_2
63999,Class_2
56650,Class_1
84111,Class_4
70748,Class_3
42208,Class_2
4645,Class_2
53081,Class_2
5847,Class_3
4900,Class_4
80699,Class_1
89680,Class_2
97533,Class_4
76649,Class_2
17713,Class_2
300,Class_2
80486,Class_2
13848,Class_2
33423,Class_2
49825,Class_2
67240,Class_3
56734,Class_2
24665,Class_3
82211,Class_4
29889,Class_3
11854,Class_3
75908,Class_4
6741,Class_4
30345,Class_3
81757,Class_4
59209,Class_2
13631,Class_2
91923,Class_2
25400,Class_2
58116,Class_2
66218,Class_2
102,Class_4
66597,Class_3
24402,Class_2
81435,Class_1
97451,Class_3
12256,Class_2
68686,Class_2
26664,Class_2
36223,Class_2
93981,Class_2
34586,Class_2
69025,Class_2
69641,Class_2
17672,Class_1
67431,Class_2
16534,Class_2
50206,Class_2
51565,Class_4
96533,Class_3
67504,Class_4
1349,Class_2
34040,Class_2
15267,Class_2
76929,Class_4
74539,Class_2
43537,Class_1
24386,Class_3
47164,Class_2
92407,Class_2
19809,Class_2
49872,Class_2
23627,Class_1
3278,Class_2
96711,Class_1
80438,Class_3
45346,Class_3
80127,Class_4
12734,Class_2
12165,Class_2
38265,Class_3
37882,Class_3
19707,Class_2
17078,Class_2
86911,Class_4
30379,Class_2
18554,Class_2
80464,Class_3
67981,Class_4
53443,Class_4
45586,Class_2
64787,Class_2
24605,Class_2
41491,Class_1
7057,Class_2
19548,Class_3
26041,Class_4
65001,Class_3
47876,Class_2
65585,Class_2
89083,Class_3
28102,Class_3
50687,Class_2
66053,Class_2
20555,Class_2
78615,Class_2
73618,Class_3
5879,Class_2
55353,Class_1
72039,Class_3
61757,Class_3
66284,Class_2
58695,Class_3
34080,Class_2
48502,Class_2
81209,Class_2
26318,Class_3
52695,Class_2
85073,Class_2
63809,Class_3
10696,Class_1
19527,Class_3
64570,Class_4
98272,Class_3
56544,Class_2
36198,Class_3
49261,Class_2
62446,Class_2
29188,Class_2
67199,Class_2
11321,Class_2
22349,Class_3
54446,Class_2
60299,Class_2
15315,Class_3
49806,Class_1
18644,Class_1
47509,Class_2
91243,Class_2
94980,Class_3
64720,Class_2
11750,Class_3
39065,Class_3
80517,Class_2
79828,Class_2
30533,Class_3
86547,Class_2
81024,Class_4
99138,Class_3
49321,Class_2
61222,Class_3
9026,Class_2
64090,Class_2
24184,Class_2
68182,Class_2
32233,Class_2
17549,Class_2
20772,Class_3
7230,Class_2
13564,Class_1
44931,Class_2
83933,Class_2
68672,Class_3
14461,Class_3
58698,Class_2
79156,Class_3
4660,Class_1
28852,Class_3
37366,Class_2
76732,Class_2
17836,Class_2
86287,Class_2
26404,Class_2
64193,Class_2
79962,Class_2
20776,Class_2
2805,Class_3
82105,Class_2
20166,Class_1
14442,Class_1
56336,Class_2
43699,Class_2
80847,Class_2
32902,Class_4
96854,Class_3
36172,Class_3
14827,Class_2
76969,Class_2
54900,Class_2
46395,Class_4
34919,Class_4
88895,Class_2
42455,Class_1
25662,Class_2
91952,Class_3
73573,Class_3
87761,Class_3
75741,Class_4
11405,Class_2
11446,Class_2
4451,Class_2
95555,Class_2
67483,Class_2
72239,Class_2
81760,Class_2
56089,Class_3
27869,Class_3
84022,Class_3
64592,Class_2
54950,Class_2
64337,Class_2
73917,Class_3
96594,Class_4
10403,Class_4
34917,Class_1
75370,Class_2
15442,Class_2
83410,Class_2
13203,Class_4
17819,Class_2
46133,Class_2
2188,Class_2
1966,Class_3
15881,Class_4
37469,Class_2
48129,Class_2
37818,Class_2
43137,Class_2
89256,Class_3
89799,Class_2
28601,Class_4
12791,Class_1
62153,Class_2
50995,Class_2
67668,Class_2
2059,Class_2
7732,Class_2
13828,Class_2
70302,Class_2
31789,Class_3
26977,Class_3
23356,Class_2
38219,Class_2
7115,Class_2
96284,Class_4
30420,Class_3
10898,Class_3
91753,Class_1
76262,Class_2
32939,Class_2
20696,Class_2
3001,Class_2
67590,Class_2
37571,Class_2
24824,Class_1
37378,Class_2
79527,Class_3
28366,Class_2
69006,Class_2
99886,Class_2
16703,Class_2
25955,Class_2
26682,Class_2
50835,Class_2
71209,Class_4
93083,Class_3
28089,Class_2
15697,Class_2
13914,Class_2
93408,Class_2
37753,Class_4
76792,Class_2
90159,Class_2
72057,Class_2
65307,Class_2
2099,Class_2
6201,Class_2
95906,Class_2
47123,Class_2
15114,Class_3
32865,Class_4
94434,Class_2
70055,Class_1
62939,Class_3
1483,Class_3
59062,Class_2
17788,Class_3
13093,Class_2
78888,Class_1
94496,Class_2
57512,Class_2
87232,Class_2
12827,Class_3
64122,Class_2
90708,Class_2
7889,Class_3
88677,Class_2
51749,Class_3
43737,Class_4
6835,Class_2
88488,Class_4
32280,Class_2
62298,Class_2
35425,Class_2
39623,Class_2
96557,Class_2
86223,Class_3
47793,Class_2
62628,Class_4
46793,Class_2
29323,Class_3
56659,Class_2
69913,Class_2
15714,Class_3
24710,Class_2
93194,Class_2
36140,Class_4
5034,Class_2
67648,Class_1
8764,Class_2
52786,Class_2
12051,Class_3
4498,Class_2
63369,Class_2
10548,Class_3
16168,Class_3
43662,Class_3
93219,Class_3
32141,Class_1
41856,Class_2
39525,Class_2
66552,Class_2
69901,Class_1
82210,Class_2
20489,Class_2
62816,Class_2
67972,Class_4
60009,Class_2
13089,Class_1
81590,Class_1
29937,Class_2
53249,Class_1
30321,Class_2
48062,Class_3
19936,Class_2
69370,Class_1
66680,Class_2
98021,Class_2
83923,Class_2
96106,Class_2
32706,Class_3
64956,Class_1
75459,Class_3
87781,Class_2
29130,Class_3
7726,Class_2
33638,Class_2
17415,Class_3
52757,Class_2
87846,Class_1
91025,Class_2
94850,Class_2
63383,Class_2
82499,Class_2
81582,Class_2
66840,Class_4
35606,Class_2
30895,Class_4
93780,Class_3
93560,Class_2
18329,Class_2
27259,Class_2
29333,Class_2
2009,Class_2
51220,Class_3
56135,Class_2
73234,Class_2
78351,Class_3
8247,Class_2
14448,Class_2
77171,Class_2
91529,Class_2
8023,Class_2
50501,Class_1
20676,Class_2
68838,Class_2
20160,Class_4
51891,Class_2
81777,Class_3
21666,Class_2
8950,Class_3
41656,Class_3
15044,Class_2
87684,Class_2
71758,Class_1
37291,Class_2
46856,Class_1
75517,Class_2
46466,Class_3
4670,Class_3
3714,Class_4
41799,Class_3
86138,Class_2
27701,Class_4
33636,Class_2
94072,Class_1
64774,Class_3
8492,Class_2
71949,Class_3
61200,Class_2
15618,Class_1
72504,Class_4
81476,Class_2
71940,Class_2
49552,Class_4
52422,Class_2
35041,Class_4
31022,Class_3
52746,Class_2
63342,Class_4
90342,Class_2
49417,Class_2
68245,Class_2
65966,Class_2
41624,Class_2
16846,Class_2
52490,Class_2
35704,Class_3
71440,Class_4
59800,Class_2
61660,Class_2
88541,Class_2
58203,Class_2
58042,Class_2
45131,Class_2
7095,Class_2
80509,Class_3
69018,Class_2
74375,Class_2
75759,Class_2
56931,Class_3
10980,Class_2
92256,Class_2
7620,Class_4
83006,Class_2
99202,Class_2
32929,Class_2
52787,Class_2
38489,Class_1
73558,Class_2
29335,Class_3
437,Class_3
18911,Class_2
77467,Class_2
69600,Class_3
83834,Class_2
97357,Class_2
24505,Class_1
73015,Class_2
17588,Class_3
70833,Class_3
97865,Class_4
12702,Class_2
34672,Class_2
58638,Class_4
63398,Class_3
97485,Class_2
85186,Class_2
53530,Class_2
76480,Class_2
96460,Class_3
87673,Class_3
53287,Class_3
43249,Class_3
19468,Class_1
82400,Class_2
35555,Class_3
31513,Class_3
1348,Class_4
2029,Class_3
18485,Class_2
33032,Class_3
86405,Class_2
98976,Class_3
14238,Class_2
68016,Class_2
73565,Class_2
25238,Class_2
54866,Class_2
65433,Class_2
82312,Class_1
33869,Class_2
73342,Class_2
76353,Class_2
96224,Class_2
33569,Class_2
75158,Class_3
44796,Class_3
41903,Class_1
13009,Class_2
94858,Class_3
14519,Class_2
28745,Class_2
17172,Class_2
23288,Class_3
32030,Class_3
49848,Class_2
84163,Class_3
88103,Class_2
71002,Class_2
83989,Class_2
9600,Class_3
39645,Class_1
53123,Class_2
77106,Class_3
82634,Class_4
48252,Class_4
73007,Class_4
76549,Class_2
59880,Class_2
10538,Class_2
41857,Class_2
27261,Class_1
52081,Class_4
27804,Class_4
70684,Class_2
71660,Class_2
11051,Class_2
85424,Class_3
75709,Class_2
10742,Class_2
16821,Class_2
49618,Class_3
10291,Class_2
75063,Class_2
32138,Class_3
18498,Class_3
3929,Class_2
82553,Class_2
19425,Class_2
32071,Class_2
25173,Class_2
83126,Class_3
57537,Class_4
18386,Class_2
74930,Class_1
43383,Class_2
44643,Class_2
9659,Class_1
84467,Class_2
46189,Class_1
73362,Class_3
51202,Class_2
43438,Class_2
89624,Class_2
80285,Class_2
63758,Class_2
72763,Class_4
7720,Class_3
52301,Class_1
74004,Class_2
15837,Class_4
49765,Class_4
96908,Class_1
62115,Class_2
80441,Class_2
96439,Class_2
13529,Class_2
20920,Class_2
95260,Class_2
97259,Class_3
88663,Class_1
47158,Class_2
43602,Class_3
21228,Class_2
83277,Class_2
37023,Class_4
84034,Class_3
86644,Class_2
14346,Class_2
93872,Class_3
67337,Class_2
34739,Class_2
88168,Class_4
91157,Class_4
69261,Class_1
25129,Class_2
23110,Class_4
11069,Class_2
30828,Class_4
87181,Class_2
8909,Class_4
92747,Class_2
28471,Class_2
20055,Class_2
56743,Class_3
45410,Class_4
4081,Class_2
13166,Class_4
49959,Class_1
36356,Class_3
35407,Class_2
6598,Class_2
2290,Class_2
33233,Class_2
55056,Class_4
67453,Class_3
19648,Class_2
36835,Class_2
19966,Class_2
52015,Class_2
98795,Class_2
39712,Class_4
2054,Class_1
70845,Class_1
95468,Class_1
93632,Class_4
41909,Class_2
36925,Class_3
